{"cameraMode":{"drawMode":0,"name":"Shaded","section":"Shading Mode"},"sceneLighting":true,"audioPlay":false,"sceneViewState":{"m_AlwaysRefresh":false,"showFog":true,"showSkybox":true,"showFlares":true,"showImageEffects":true,"showParticleSystems":true,"showVisualEffectGraphs":true,"m_FxEnabled":true},"in2DMode":false,"pivot":{"x":10.228581428527832,"y":-4.957967281341553,"z":0.006786942481994629},"rotation":{"x":0.15056076645851136,"y":0.6823023557662964,"z":-0.1467140167951584,"w":0.7001408934593201},"size":7.784191131591797,"orthographic":false}