{"cameraMode":{"drawMode":0,"name":"Shaded","section":"Shading Mode"},"sceneLighting":true,"audioPlay":false,"sceneViewState":{"m_AlwaysRefresh":false,"showFog":true,"showSkybox":true,"showFlares":true,"showImageEffects":true,"showParticleSystems":true,"showVisualEffectGraphs":true,"m_FxEnabled":true},"in2DMode":false,"pivot":{"x":13.27126693725586,"y":1.0724250078201295,"z":-15.005364418029786},"rotation":{"x":0.05591122806072235,"y":0.7893970012664795,"z":-0.07072732597589493,"w":0.6065422892570496},"size":16.958812713623048,"orthographic":false}